[
    {
      "page": 1,
      "title": "Conformación del Team Silent",
      "image": "https://silenthilltowncenter.com/sites/default/files/styles/blog_cover/public/2024-09/1.jpg?h=8ff41706&itok=8laFDlTY",
      "author": "Malena Falicoff",
      "previousContent": "1996, Japón. Capcom, eterna rival de Konami, lanza Resident Evil, un éxito tanto comercial como artístico que pone al survival horror en primera plana. Por...",
      "urlArticle": "/conformacion-del-team-silent/28"
    },
    {
      "page": 1,
      "title": "Así se vivió el concierto estelar de Akira Yamaoka  en la Expo TNT #41",
      "image": "https://silenthilltowncenter.com/sites/default/files/styles/blog_cover/public/2023-11/yamaokaByThoth_0.png?h=b4768464&itok=rRbHB86X",
      "author": "Liátride",
      "previousContent": "¡Por fin ocurrió el evento más esperado del año! El pasado 4 y 5 de noviembre en punto de las 15:00 h en el Centro...",
      "urlArticle": "/asi-se-vivio-el-concierto-estelar-de-akira-yamaoka-en-la-expo-tnt-41/2"
    },
    {
      "page": 1,
      "title": "Silent Hill Regresa",
      "image": "https://silenthilltowncenter.com/sites/default/files/styles/blog_cover/public/2022-11/shtcSilentHill2Remake2022.jpeg?h=c74750f6&itok=IO8gdn1d",
      "author": "Liátride",
      "previousContent": "El pasado 19 de octubre, a través del Canal Oficial de Silent Hill en YouTube ocurrió el evento más esperado por todos los amantes de...",
      "urlArticle": "/silent-hill-regresa/2"
    },
    {
      "page": 1,
      "title": "Curiosidades de Silent Hill 2",
      "image": "https://silenthilltowncenter.com/sites/default/files/styles/blog_cover/public/2022-07/triviaCoverSH2_0.jpg?h=ddb1ad0c&itok=7SAAgZhs",
      "author": "Chiclian",
      "previousContent": "El paisaje que ves al comienzo de Silent Hill 2... Es una toma del lago Derwentwater cerca de Keswick, Reino Unido. El exterior de la...",
      "urlArticle": "/curiosidades-de-silent-hill-2/28"
    },
    {
      "page": 1,
      "title": "Book of Lost Memories TRUCO O TRATO ESPECIAL",
      "image": "https://silenthilltowncenter.com/sites/default/files/styles/blog_cover/public/2021-09/box_sh2_opt.png?h=ebd8ac30&itok=J0y0iDob",
      "author": "Chiclian",
      "previousContent": "-La hamburguesería en el centro comercial es un Happy Burguer (Hamburguesa Felíz), que también aparece en Silent Hill 2. Parece que es una sucursal de...",
      "urlArticle": "/book-lost-memories-truco-o-trato-especial/28"
    },
    {
      "page": 1,
      "title": "Book of Lost Memories EL OJO DE LA NOCHE",
      "image": "https://silenthilltowncenter.com/sites/default/files/styles/blog_cover/public/2021-09/samael_wp.jpg?h=4ba6beae&itok=ey8M_TJF",
      "author": "Chiclian",
      "previousContent": "El Dios ¿El ser que duerme dentro de la sagrada madre... esto es realmente Dios? Al final del juego, la criatura llamada “Dios” aparece. Sin...",
      "urlArticle": "/book-lost-memories-el-ojo-de-la-noche/28"
    },
    {
      "page": 1,
      "title": "Book of Lost Memories EL MUNDO",
      "image": "https://silenthilltowncenter.com/sites/default/files/styles/blog_cover/public/2021-09/otherworld.jpeg?h=4678ac7f&itok=4GjS6qgg",
      "author": "Chiclian",
      "previousContent": "El Otro Mundo ¿Puede el mundo real influenciar al otro mundo nacido de fantasías y el poder del pueblo? El pueblo de Silent Hill absorbe...",
      "urlArticle": "/book-lost-memories-el-mundo/28"
    },
    {
      "page": 1,
      "title": "Book of Lost Memories EL JUICIO",
      "image": "https://silenthilltowncenter.com/sites/default/files/styles/blog_cover/public/2021-09/pyramid_head.jpeg?h=85b002d7&itok=XE_gBnWe",
      "author": "Chiclian",
      "previousContent": "Cosa Piramidal Roja Manifestado por el subconsciente de James, toma la forma de un ejecutor de tiempos pasados La criatura conocida como “Pyramid Head” que...",
      "urlArticle": "/book-lost-memories-el-juicio/28"
    },
    {
      "page": 1,
      "title": "Book of Lost Memories EL SOL",
      "image": "https://silenthilltowncenter.com/sites/default/files/styles/blog_cover/public/2021-09/ufo_ed_sh1.jpeg?h=c673cd1c&itok=9q4tRIRm",
      "author": "Chiclian",
      "previousContent": "Característica Extra ¿Los “elementos de ciencia ficción” que pueden ser utilizados luego de completar el juego están conectados con los UFO’s? Hasta este punto en...",
      "urlArticle": "/book-lost-memories-el-sol/28"
    },
    {
      "page": 1,
      "title": "Book of Lost Memories LA LUNA",
      "image": "https://silenthilltowncenter.com/sites/default/files/styles/blog_cover/public/2021-08/sh3_16_1600.jpg?h=9078b30c&itok=DVIzHKK6",
      "author": "Chiclian",
      "previousContent": "Vincent Un profesional que usa a Heather y al culto para su propia conveniencia A pesar de que él es un sacerdote de la organización...",
      "urlArticle": "/book-lost-memories-la-luna/28"
    },
    {
      "page": 1,
      "title": "Book of Lost Memories LA ESTRELLA",
      "image": "https://silenthilltowncenter.com/sites/default/files/styles/blog_cover/public/2021-08/sh3_usagi_01_1280_0.jpg?h=fbf3d89b&itok=Kjeu3f7a",
      "author": "Chiclian",
      "previousContent": "Referencias Las referencias en las soluciones de los acertijos han sido elegidos para incluir un significado y un propósito en la serie La serie de...",
      "urlArticle": "/book-lost-memories-la-estrella/28"
    },
    {
      "page": 1,
      "title": "Book of Lost Memories LA TORRE",
      "image": "https://silenthilltowncenter.com/sites/default/files/styles/blog_cover/public/2021-08/sh3_07_1024.jpg?h=59747e6a&itok=hjTJzgkX",
      "author": "Chiclian",
      "previousContent": "Culto Una tradición religiosa antigua nativa de la región es retorcida por la historia Silent Hill es el pueblo donde Claudia y Dahlia dieron pasos...",
      "urlArticle": "/book-lost-memories-la-torre/28"
    },
    {
      "page": 1,
      "title": "Book of Lost Memories EL DIABLO",
      "image": "https://silenthilltowncenter.com/sites/default/files/styles/blog_cover/public/2021-08/sh4_wallpaper_01_1260.jpg?h=72c32ee9&itok=h8zifp3i",
      "author": "Chiclian",
      "previousContent": "Criaturas ¿Es la verdadera naturaleza de las grotescas criaturas que son producidas por el otro mundo realmente lo que uno espera que sea? La razón...",
      "urlArticle": "/book-lost-memories-el-diablo/28"
    },
    {
      "page": 1,
      "title": "Book of Lost Memories TEMPLANZA",
      "image": "https://silenthilltowncenter.com/sites/default/files/styles/blog_cover/public/2021-08/sh4_wallpaper_05_1024.jpg?h=4d769e8d&itok=M5niPEG1",
      "author": "Chiclian",
      "previousContent": "Llaves y Puertas Ítems que abren puertas y el diseño de los lugares en donde están escondidos Puertas que se interponen en el camino del...",
      "urlArticle": "/book-lost-memories-templanza/28"
    },
    {
      "page": 1,
      "title": "Book of Lost Memories MUERTE",
      "image": "https://silenthilltowncenter.com/sites/default/files/styles/blog_cover/public/2021-08/sh2_neelybar_hole.jpeg?h=6bd8e73c&itok=ORqziwLE",
      "author": "Chiclian",
      "previousContent": "Agujeros Cayendo y descendiendo una y otra vez para llegar al abismo del corazón En Silent Hill 2 aparecen repetidamente “Agujeros” (incluyendo corredores verticales, y largas...",
      "urlArticle": "/book-lost-memories-muerte/28"
    },
    {
        "page": 2,
        "title": "Book of Lost Memories EL AHORCADO",
        "image": "https://silenthilltowncenter.com/sites/default/files/styles/blog_cover/public/2021-08/sh3_08_1024.jpg?h=09c882d2&itok=oZwL6SsE",
        "author": "Chiclian",
        "previousContent": "Douglas Cartland La carta de la morgue significa el irónico destino\ndel detective privado La historia del tercer juego comienza con la ocasión en la que...",
        "urlArticle": "/book-lost-memories-el-ahorcado/28"
    },
    {
        "page": 2,
        "title": "Book of Lost Memories JUSTICIA",
        "image": "https://silenthilltowncenter.com/sites/default/files/styles/blog_cover/public/2021-08/sh2_15_1600.jpg?h=d5d1cc2c&itok=FbYvpb1T",
        "author": "Chiclian",
        "previousContent": "Carta desde el Paraíso Silencioso ¿Hasta qué punto las alucinaciones de James reflejan la realidad? James, el protagonista del segundo juego asesina a su esposa, quien...",
        "urlArticle": "/book-lost-memories-justicia/28"
    },
    {
        "page": 2,
        "title": "Book of Lost Memories LA RUEDA DE LA FORTUNA",
        "image": "https://silenthilltowncenter.com/sites/default/files/styles/blog_cover/public/2021-08/sh3_14_1600.jpg?h=08b866d1&itok=4HdRv89M",
        "author": "Chiclian",
        "previousContent": "Bucle La inmortal Alessa repite un bucle infinito de nacimiento y muerte Aparte de “terror”, motivos que tienen que ver con la vida como “nacimiento”...",
        "urlArticle": "/book-lost-memories-la-rueda-de-la-fortuna/28"
    },
    {
        "page": 2,
        "title": "Book of Lost Memories EL ERMITAÑO",
        "image": "https://silenthilltowncenter.com/sites/default/files/styles/blog_cover/public/2021-08/sh2_01_1024.jpg?h=ddb1ad0c&itok=i-8r5gkO",
        "author": "Chiclian",
        "previousContent": "Efecto Sonoro Los meticulosamente refinados efectos de sonido de la serie de Silent Hill COMENTARIO DE LOS CREADORES Cuando se trata de sonido, lo que...",
        "urlArticle": "/book-lost-memories-el-ermitano/28"
    },
    {
        "page": 2,
        "title": "Book of Lost Memories FUERZA",
        "image": "https://silenthilltowncenter.com/sites/default/files/styles/blog_cover/public/2021-08/sh0_wallpaper_02_1280x1024.jpg?h=28a76f48&itok=JWs4eAna",
        "author": "Chiclian",
        "previousContent": "Poder del pueblo ¿Cuál es el efecto del misterioso poder de éste pueblo que era reverenciado como un lugar sagrado? Originalmente Silent Hill era un...",
        "urlArticle": "/book-lost-memories-fuerza/28"
    },
    {
        "page": 2,
        "title": "Book of Lost Memories EL CARRUAJE",
        "image": "https://silenthilltowncenter.com/sites/default/files/styles/blog_cover/public/2021-08/sh3_02_1280.jpg?h=29234840&itok=SOj-vIs4",
        "author": "Chiclian",
        "previousContent": "Símbolos Imágenes negativas relacionadas al dolor que Alessa sufrió Desde el primer juego, camillas y sillas de ruedas aparecen como símbolos del otro mundo. Estos...",
        "urlArticle": "/book-lost-memories-el-carruaje/28"
    },
    {
        "page": 2,
        "title": "Book of Lost Memories EL AMOR",
        "image": "https://silenthilltowncenter.com/sites/default/files/styles/blog_cover/public/2021-08/sh2_13_1600.jpg?h=08b866d1&itok=hnVUfd0d",
        "author": "Chiclian",
        "previousContent": "Descifrando el amor y el odio detrás del terror. Aunque la serie Silent Hill ha llegado a representar constantemente el terror como tema central, con...",
        "urlArticle": "/book-lost-memories-el-amor/28"
    },
    {
        "page": 2,
        "title": "Book of Lost Memories EL JEROFANTE",
        "image": "https://silenthilltowncenter.com/sites/default/files/styles/blog_cover/public/2021-08/sh2_17_1600.jpg?h=08b866d1&itok=NE-OOhcG",
        "author": "Chiclian",
        "previousContent": "Ítems Clave Los muchos ítems importantes con propiedades\nmágicas que dan profundidad a la historia. Los trabajos de la serie están unidos con el pueblo llamado...",
        "urlArticle": "/book-lost-memories-el-jerofante/28"
    },
    {
        "page": 2,
        "title": "Book of Lost Memories EL EMPERADOR",
        "image": "https://silenthilltowncenter.com/sites/default/files/styles/blog_cover/public/2021-08/sh_hd_collection_ps3_wallpaper_03.jpg?h=1938c348&itok=MPYxW3xO",
        "author": "Chiclian",
        "previousContent": "Concepto Visual La neblina y la oscuridad que difumina la línea entre el sueño y la realidad La neblina y la oscuridad se han convertido...",
        "urlArticle": "/book-lost-memories-el-emperador/28"
    },
    {
        "page": 2,
        "title": "Book of Lost Memories LA EMPERATRIZ",
        "image": "https://silenthilltowncenter.com/sites/default/files/styles/blog_cover/public/2021-08/shsm_art_091111_05_cheryl.jpg?h=6d17c027&itok=VQL1HkqV",
        "author": "Chiclian",
        "previousContent": "Alessa El sufrimiento de una joven que no puede morir a causa de haber sido impregnada con el dios Alessa intenta liberar a Heather del...",
        "urlArticle": "/book-lost-memories-la-emperatriz/28"
    },
    {
        "page": 2,
        "title": "Book of Lost Memories LA SACERDOTISA",
        "image": "https://silenthilltowncenter.com/sites/default/files/styles/blog_cover/public/2021-08/sh_hd_collection_ps3_wallpaper_05.jpg?h=677e9f25&itok=X9EI77G3",
        "author": "Chiclian",
        "previousContent": "Claudia Wolf Una fe que es muy pura invita a una nueva tragedia. Claudia, una sacerdotisa en la organización religiosa, aparece en el juego como...",
        "urlArticle": "/book-lost-memories-la-sacerdotisa/28"
    },
    {
        "page": 2,
        "title": "Book of Lost Memories EL MAGO",
        "image": "https://silenthilltowncenter.com/sites/default/files/styles/blog_cover/public/2021-07/sh3_10_1024_0.jpg?h=63aefc17&itok=__iuLBOJ",
        "author": "Chiclian",
        "previousContent": "Valtiel La misteriosa criatura que siempre acecha a Heather. ¿Cuál es su verdadero propósito? Valtiel persigue a Heather como si la acechara desde su encuentro...",
        "urlArticle": "/book-lost-memories-el-mago/28"
    },
    {
        "page": 2,
        "title": "Book of Lost Memories EL TONTO",
        "image": "https://silenthilltowncenter.com/sites/default/files/styles/blog_cover/public/2021-07/sh3_03_1280.jpg?h=1c3dcf3e&itok=LO1v21jL",
        "author": "Chiclian",
        "previousContent": "Heather Un resumen de las reencarnaciones de Heather que tiene los recuerdos de tres personas Heather, que obtuvo un cuerpo inmortal como resultado de haber...",
        "urlArticle": "/book-lost-memories-el-tonto/28"
    },
    {
        "page": 2,
        "title": "Book of Lost Memories BLOQUE FUGA DE SILENT HILL",
        "image": "https://silenthilltowncenter.com/sites/default/files/styles/blog_cover/public/2021-07/alessas_room.jpeg?h=15a3d5fb&itok=uDMBfKXZ",
        "author": "Chiclian",
        "previousContent": "Sugerencia de Cartas Las cartas del tarot aparecen en Silent Hill 3 como los items clave para abrir la puerta final. La realidad es que estas cartas...",
        "urlArticle": "/book-lost-memories-bloque-fuga-de-silent-hill/28"
    },
    {
        "page": 2,
        "title": "Book of Lost Memories ANÁLISIS DEL FINAL Y TEMAS MUSICALES DE SILENT HILL 3",
        "image": "https://silenthilltowncenter.com/sites/default/files/styles/blog_cover/public/2021-07/sh3_art_char_heather_18.jpg?h=ddb1ad0c&itok=vSVP4Rc0",
        "author": "Chiclian",
        "previousContent": "Una revisión del final junto con una mirada al significado de la banda sonora del juego. Análisis del Final LUEGO DE LA MUERTE DEL DIOS,...",
        "urlArticle": "/book-lost-memories-analisis-del-final-y-temas-musicales-de-silent-hill-3/28"
    },
    {
        "page": 3,
        "title": "Book of Lost Memories COMENTARIOS DE LAS CRIATURAS DE SILENT HILL 3",
        "image": "https://silenthilltowncenter.com/sites/default/files/styles/blog_cover/public/2021-08/sh_hd_collection_ps3_wallpaper_06.jpg?h=b6717701&itok=QmsmBdhN",
        "author": "Chiclian",
        "previousContent": "Criaturas que han llegado a tener diversas variaciones. Cada uno de ellos tiene un significado. Numb Body METÁFORA Se le dio el nombre “numb body” por...",
        "urlArticle": "/book-lost-memories-comentarios-de-las-criaturas-de-silent-hill-3/28"
    },
    {
        "page": 3,
        "title": "Book of Lost Memories COMENTARIOS DE LOS PERSONAJES DE SILENT HILL 3",
        "image": "https://silenthilltowncenter.com/sites/default/files/styles/blog_cover/public/2021-07/sh3_09_1024.jpg?h=965338f0&itok=cWdoKG8g",
        "author": "Chiclian",
        "previousContent": "Silent Hill 3 desarrolla una gran historia usando un limitado número de personajes. Veamos una deconstrucción de las transiciones de sus diseños. Heather COMENTARIOS DEL...",
        "urlArticle": "/book-lost-memories-comentarios-de-los-personajes-de-silent-hill-3/28"
    },
    {
        "page": 3,
        "title": "Book of Lost Memories BLOQUE SILENT HILL 3",
        "image": "https://silenthilltowncenter.com/sites/default/files/styles/blog_cover/public/2021-07/sh3_06_1024.jpeg?h=ddb1ad0c&itok=5-QZvKN6",
        "author": "Chiclian",
        "previousContent": " El tercer juego es una descripción de lo que ocurre diecisiete años después de la historia del primer Silent Hill. Es la historia de la...",
        "urlArticle": "/book-lost-memories-bloque-silent-hill-3/28"
    },
    {
        "page": 3,
        "title": "Book of Lost Memories ANÁLISIS DE LOS FINALES DE SILENT HILL 2",
        "image": "https://silenthilltowncenter.com/sites/default/files/styles/blog_cover/public/2021-07/sh_hd_collection_ps3_wallpaper_01.jpg?h=b6717701&itok=eQN150Bu",
        "author": "Chiclian",
        "previousContent": "De las cuatro conclusiones, no hay ninguna interpretación correcta. Cada final indica una posibilidad diferente. In Water EL VINO A ÉSTE PUEBLO PARA TOMAR SU...",
        "urlArticle": "/book-lost-memories-analisis-de-los-finales-de-silent-hill-2/28"
    },
    {
        "page": 3,
        "title": "Book of Lost Memories COMENTARIOS DE LAS CRIATURAS DE SILENT HILL 2",
        "image": "https://silenthilltowncenter.com/sites/default/files/styles/blog_cover/public/2021-06/sh2_06_1024.jpg?h=ddb1ad0c&itok=5ST0qQ2a",
        "author": "Chiclian",
        "previousContent": "Grotescas criaturas traídas por James, que está atormentado por sentimientos de culpa. Ésta sección examinará el significado de éstas criaturas. Lying Figure METÁFORA \"Figura tumbada\"....",
        "urlArticle": "/book-lost-memories-comentarios-de-las-criaturas-de-silent-hill-2/28"
    },
    {
        "page": 3,
        "title": "Book of Lost Memories COMENTARIOS DE LOS PERSONAJES DE SILENT HILL 2",
        "image": "https://silenthilltowncenter.com/sites/default/files/styles/blog_cover/public/2021-06/sh2_12_1600.jpg?h=08b866d1&itok=Q66aZBWx",
        "author": "Chiclian",
        "previousContent": "Por cierta razón, ellos fueron atraídos a Silent Hill. ¿Cuál es la oscuridad que cada uno de ellos oculta en sus corazones? James Sunderland ...",
        "urlArticle": "/book-lost-memories-comentarios-de-los-personajes-de-silent-hill-2/28"
    },
    {
        "page": 3,
        "title": "Book of Lost Memories BLOQUE SILENT HILL 2",
        "image": "https://silenthilltowncenter.com/sites/default/files/styles/blog_cover/public/2021-06/sh2_03_1024.jpg?h=ddb1ad0c&itok=6-88B_i2",
        "author": "Chiclian",
        "previousContent": " La compleja historia del segundo juego llama la atención con su impactante conclusión y varias posibles interpretaciones. Si uno juega con un profundo entendimiento...",
        "urlArticle": "/book-lost-memories-bloque-silent-hill-2/28"
    },
    {
        "page": 3,
        "title": "Robbie's Party 2023 (actualización enero 2023)",
        "image": "https://silenthilltowncenter.com/sites/default/files/styles/blog_cover/public/2020-12/sh3_usagi_02_1280_1.jpg?h=aa81dfca&itok=sgsc3-py",
        "author": "Robbie's Party",
        "previousContent": "Saludos a toda la comunidad. Robbie´s Party es el nombre que tendrá la reunión anual oficial del grupo Silent Hill Town Center, del que todos ustedes...",
        "urlArticle": "/robbies-party-2022-actualizacion-agosto-2022/2"
    },
    {
        "page": 3,
        "title": "Book of Lost Memories ANÁLISIS DE LOS FINALES DE SILENT HILL",
        "image": "https://silenthilltowncenter.com/sites/default/files/styles/blog_cover/public/2021-02/endings_sh1_cov.jpg?h=e48c05d4&itok=mGww2VW_",
        "author": "Chiclian",
        "previousContent": "El Primer juego tiene cuatro conclusiones a las que se llegan dependiendo de las acciones del protagonista. Reafirmemos sus respectivas diferencias. GOOD El final ortodoxo,...",
        "urlArticle": "/book-lost-memories-analisis-de-los-finales-de-silent-hill/28"
    },
    {
        "page": 3,
        "title": "Book of Lost Memories COMENTARIOS DE LAS CRIATURAS DE SILENT HILL",
        "image": "https://silenthilltowncenter.com/sites/default/files/styles/blog_cover/public/2021-01/door_painting.jpeg?h=0c28d99f&itok=zL1tB4pc",
        "author": "Chiclian",
        "previousContent": "Una mirada a las muchas criaturas que sugieren elementos importantes del otro mundo. Air Screamer (ave) METÁFORA \"Criatura que grita en el aire\". Una imagen...",
        "urlArticle": "/book-lost-memories-comentarios-de-las-criaturas-de-silent-hill/28"
    },
    {
        "page": 3,
        "title": "Book of Lost Memories COMENTARIOS DE LOS PERSONAJES DE SILENT HILL",
        "image": "https://silenthilltowncenter.com/sites/default/files/styles/blog_cover/public/2021-01/sh1_art_15.jpg?h=75b20957&itok=3FKInHli",
        "author": "Chiclian",
        "previousContent": "La historia de la cual el terror se origina. Démosle otra mirada al significado dado a los personajes que aparecen en el juego. Harrold \"Hаrry\" Masоn Un...",
        "urlArticle": "/book-lost-memories-comentarios-de-los-personajes-de-silent-hill/28"
    },
    {
        "page": 3,
        "title": "Book of Lost Memories BLOQUE SILENT HILL",
        "image": "https://silenthilltowncenter.com/sites/default/files/styles/blog_cover/public/2021-01/sh1_art_22.jpg?h=ec9ab8af&itok=Gy_233Md",
        "author": "Chiclian",
        "previousContent": " Harry, que aparece en el primer juego como el protagonista, es el padre de Heather (Cheryl), la heroína de Silent Hill 3. Analicemos cada...",
        "urlArticle": "/book-lost-memories-bloque-silent-hill/28"
    },
    {
        "page": 3,
        "title": "Book of Lost Memories RELACIÓN ENTRE PERSONAJES",
        "image": "https://silenthilltowncenter.com/sites/default/files/styles/blog_cover/public/2021-01/sh3_art_char_heather_14.jpg?h=18c0bdcf&itok=rROpmkzp",
        "author": "Chiclian",
        "previousContent": "Un diagrama de las interrelaciones de los personajes de la serie centrados alrededor de Alessa, quien es repetidamente reencarnada. Es posible encontrar un entendimiento más...",
        "urlArticle": "/book-lost-memories-relacion-entre-personajes/28"
    },
    {
        "page": 3,
        "title": "Objetos Ocultos de Silent Hill 4",
        "image": "https://silenthilltowncenter.com/sites/default/files/styles/blog_cover/public/2021-01/sh4_wallpaper_07_1280.jpg?h=aa81dfca&itok=4bNtuOJW",
        "author": "Chiclian",
        "previousContent": "Los items ocultos probablemente serían para un final OVNI y se pueden encontrar en los archivos de SH4 mediante un explorador de texturas o usando cheats...",
        "urlArticle": "/objetos-ocultos-de-silent-hill-4/28"
    },
    {
        "page": 3,
        "title": "Curiosidades de Silent Hill 4",
        "image": "https://silenthilltowncenter.com/sites/default/files/styles/blog_cover/public/2021-01/sh4_wallpaper_r01_1280.jpg?h=aa81dfca&itok=ON2OHudv",
        "author": "Chiclian",
        "previousContent": "01 La estructura giratoria vista durante la pelea final contra Walter, esta basada en el dispositivo de accionamiento por gravedad de una película de terror de...",
        "urlArticle": "/curiosidades-de-silent-hill-4/28"
    },
    {
        "page": 4,
        "title": "Book of Lost Memories HISTORIA DE ALESSA",
        "image": "https://silenthilltowncenter.com/sites/default/files/styles/blog_cover/public/2021-01/sh0_art_character_01_alessa.jpg?h=cf136bd8&itok=GuPpFcL1",
        "author": "Chiclian",
        "previousContent": "Silent Hill es un pueblo donde un siniestro Dios es adorado, y en dónde aquellos que ocultan oscuridad en sus corazones son reunidos. Esto es...",
        "urlArticle": "/book-lost-memories-historia-de-alessa/28"
    },
    {
        "page": 4,
        "title": "Book of Lost Memories INTRODUCCIÓN",
        "image": "https://silenthilltowncenter.com/sites/default/files/styles/blog_cover/public/2021-01/sh3_art_char_heather_12_2.jpg?h=0542771b&itok=fJ3QtCXM",
        "author": "Chiclian",
        "previousContent": "Visión General de Silent Hill El nombre de ese pueblo es Silent Hill... Aunque es conocido como un área vacacional, es un lugar maldito donde...",
        "urlArticle": "/book-lost-memories-introduccion/28"
    },
    {
        "page": 4,
        "title": "Archivo de Victimas de Walter Sullivan",
        "image": "https://silenthilltowncenter.com/sites/default/files/styles/blog_cover/public/2021-01/sh4_wallpaper_29_1280.jpg?h=dc0df84a&itok=KPucaRhI",
        "author": "Chiclian",
        "previousContent": "Esta sección contiene los archivos de víctimas de los 21 Sacramentos de Walter Sullivan, que se encontraban originalmente en el sitio web de Silent Hill 4....",
        "urlArticle": "/archivo-de-victimas-de-walter-sullivan/28"
    },
    {
        "page": 4,
        "title": "El Significado del Halo del Sol",
        "image": "https://silenthilltowncenter.com/sites/default/files/styles/blog_cover/public/2020-12/sh3_05.jpg?h=ddb1ad0c&itok=sv0SKQaD",
        "author": "Chiclian",
        "previousContent": "El Halo del Sol es el símbolo principal de la Orden, un culto religioso de Silent Hill. El símbolo aparece por primera vez en Silent...",
        "urlArticle": "/el-significado-del-halo-del-sol/28"
    },
    {
        "page": 4,
        "title": "White Claudia",
        "image": "https://silenthilltowncenter.com/sites/default/files/styles/blog_cover/public/2020-11/Cassiope_lycopodioides_%27Beatrice_Lilley%27_1.jpg?h=c91967b1&itok=MTIAM0Cm",
        "author": "Azrael",
        "previousContent": "PTV, Naturaleza Alucinógena de la Claudia Blanca Esquema y volumen del tráfico de Claudia blanca en la Ciudad Claudia Blanca en SH2 Relación de la Claudia blanca y la niebla...",
        "urlArticle": "/white-claudia/28"
    },
    {
        "page": 4,
        "title": "La mitología de Silent Hill",
        "image": "https://silenthilltowncenter.com/sites/default/files/styles/blog_cover/public/2020-11/Imagen1.jpg?h=8c4ef2be&itok=AZN84Ur6",
        "author": "Azrael",
        "previousContent": "La Orden es un culto religioso que adora de manera sincrética a un panteón de deidades nativas. \n\nEstá profundamente conectado con la historia y cultura de Silent Hill ya que el...",
        "urlArticle": "/la-mitologia-de-silent-hill/28"
    },
    {
        "page": 4,
        "title": "Carl Sagan",
        "image": "https://silenthilltowncenter.com/sites/default/files/styles/blog_cover/public/2020-11/cosmos.png?h=006c46cd&itok=Lo6cepVq",
        "author": "Azrael",
        "previousContent": "En la calle Sagan que hace homenaje al escritor de astronomía Carl Sagan de el primer Silent Hill existe una tienda de electrodomésticos llamada Galaxy...",
        "urlArticle": "/carl-sagan/4"
    },
    {
        "page": 4,
        "title": "LA VERDAD DE ESTE PUEBLO",
        "image": "https://silenthilltowncenter.com/sites/default/files/styles/blog_cover/public/2020-11/sh1_art_char_10.jpg?h=34718332&itok=xcNna9Ch",
        "author": "Azrael",
        "previousContent": "Dentro de la fabulosa guía \"SILENT HILL KOSHIKI GUIDEBOOK KANZENBAN\", existe una sesión de preguntas y respuestas sobre los secretos de la historia, respondidos por el...",
        "urlArticle": "/la-verdad-de-este-pueblo/4"
    }
]